ckmb52fldxkseven3fkjgcbzmnr7,5,7,57
gckhqpb6twoqnjxqplthree2fourkspnsnzxlz1,6,1,61
2onetwocrgbqm7,2,7,27
frkh2nineqmqxrvdsevenfive,2,5,25
four9two,4,2,42
six7sixqrdfive3twonehsk,6,1,61
xkvsone2,1,2,12
one65,1,5,15
rggxsff1seven,1,7,17
djbcgrrtqdshpqqzj43rgcr,4,3,43
br89fivetwoqggnxjfourtl3,8,3,83
zoneight47five5sixjxd74,1,4,14
4five1,4,1,41
5seveneighteightzzbnzsvdjnkvndsxlttfour,5,4,54
htdcmsl12ninethreepkqtdlvtl,1,3,13
twocghtvtdlfchfqnjhrfour19,2,9,29
rptwofiveonecvlldmppxtrvj3,2,3,23
6gqsvsqpzxj,6,6,66
5twomgkzsvg,5,2,52
4ninedflntfsn1,4,1,41
4threethree,4,3,43
43two6eight9,4,9,49
4gqnkntjthree9one45,4,5,45
9lmjgqnkxqvfrzhbcfrlltjxjlkjfrlmb3,9,3,93
ninethreejkcbplfg4kseventwo,9,2,92
mbkfgktwolbvsptgsixseven1oneightzvm,2,8,28
m5fvqfkkk,5,5,55
tptqnsxmsevencrkdmxms55zrfmpmzv7lzqlnmbkzt,7,7,77
bqccqhbdgeight7,8,7,87
four7nine1eight,4,8,48
8fivethndnpztzninepdkfive8,8,8,88
1sixxvqdfourlnpdrfbnnx41vhqgth,1,1,11
sgpkgdb9,9,9,99
fivetwoq7cdprnjdjhs3three9,5,9,59
1mfvptbhqshblvvvdl,1,1,11
ztftqgbzld8jkcmsrdfzonemzdmbzxpfour,8,4,84
dfkctqcjbmfourhszmlvtkeightthree2,4,2,42
4onersrfjcskckcxcj4sevenzzzpsixeight,4,8,48
1fourr5gxpone,1,1,11
seven74ninersgvvmtgsix,7,6,76
jvtwonefivetwosbpglbx2two,2,2,22
fourfivecxgssssixtwofour4,4,4,44
3zcgcjdcpbgqdfnhxtneight,3,8,38
fourfour29cpbccthree44,4,4,44
6six9foureight5xmfdf,6,5,65
four77,4,7,47
tqtnjshdmtwo3four8one27,2,7,27
one52,1,2,12
nine32five3six,9,6,96
qcjbjrpqdtpvveightpmzs17fourjvghvl,8,4,84
5293gmtdttfpmrlhvlt9,5,9,59
2zonenfglkskxhn3gxbrtxtcpfive,2,5,25
three5cfourfvmqlnhp4two,3,2,32
three4knrdzxpr,3,4,34
fmpvqkxgeightthreebdrng9tdcffvsfctwo,8,2,82
jpktgx8fivegqeight5three,8,3,83
7sevennine,7,9,79
3two3,3,3,33
nfthhzcq2,2,2,22
plmbtrzbnbmt1nine,1,9,19
149hvjbktkmbj8mtnrblcvfive7seven,1,7,17
bfthree1,3,1,31
six6kqprz86two6,6,6,66
jthree6,3,6,36
nine2hzrlcqrt7eight,9,8,98
nnzhkhpdb8rbnqmxrfive,8,5,85
rkszqnp1,1,1,11
t1,1,1,11
5sixlmxkgmxrgveight3,5,3,53
sevenlptpdhtjpgxconedvtrrnngn8,7,8,78
nlpvxbscttbbpgndnc7jvrtcjxbsxnqvfcxdcfrgtrdkjflzlrqcnmfourkznnmrv,7,4,74
7kllgxpb6,7,6,76
two4eightfgrsix1five7six,2,6,26
one2three6hmktjgmbxhbjl,1,6,16
bqjtxhntjreightsevendgcfpmkld14four,8,4,84
22pgcslxtdhkhz8ninethreethreejcklznxq,2,3,23
146gqthree85twoseven,1,7,17
vlvxlmkfpcxsstsevencdbbdsix6,7,6,76
5sixseven48,5,8,58
llljbtxtrrpssrfthree9dpvrndphhn,3,9,39
qkhvq5,5,5,55
svrfthree8bdhjshcftdnine4,3,4,34
nfqnfkpchl5pcstz,5,5,55
pbx5mfkfour8,5,8,58
cptwonethreeptwo9gzmlkv9,2,9,29
gdpkprlzr6466fxlvfour,6,4,64
dlnpklqtfivesixfptrdh9four,5,4,54
onedpfskdd38qfvbjdnpglone,1,1,11
4sevenseven5qf,4,5,45
onepgmmhlgmtvone3c,1,3,13
247tsnmkd,2,7,27
threeznnnbtfive5tmdfxtwothree3ndjcszrb,3,3,33
oneeight6rhfiveone,1,1,11
threethreethreestvgljm4seven,3,7,37
bfbrk3vqsmone39hzzxdgp6eight,3,8,38
98rndphxhcbl,9,8,98
57fourlntgdngzpdsjkbbxnv7,5,7,57
twons4,2,4,24
three4threesixtwo2hf,3,2,32
lgqtcllzsevenhrrhqsmsnncmlz7,7,7,77
8fnngjrxtljncbvlt7ninehfzrthree,8,3,83
12mltqtqqrvjmjsbthnzpdjtwo1,1,1,11
lf1onevdmn2,1,2,12
3twozlqnddmrsixslphpvb,3,6,36
five4nrtcjmvj,5,4,54
cksgmkszrbsrgfkq7tqjxsshxxh7vngsnjt,7,7,77
mfiveone7,5,7,57
kkvtwone5sevenfcfnngpmjktrpxk7djgzmdthreehpp,2,3,23
fxbgtcjp4pxpjv5rbfllhfcpfive8,4,8,48
2gxrkjdtvxmnvs76,2,6,26
npvvleightlpd354vrfh1,8,1,81
zbnzdlzpqzsixnine4sevenqtddzzm6,6,6,66
6cxrhdvzbmthree98,6,8,68
77eightnine32four,7,4,74
56tshj77one,5,1,51
161xk26mspxkchfourfive,1,5,15
onenineljnsmvmfb7,1,7,17
6hxvmqtwo,6,2,62
khzninetwo3pbtsqxlqj3,9,3,93
1nine3,1,3,13
6xrzjskblfq,6,6,66
kbtsbckkonethreetwofour7lgcbxmjkjpnine,1,9,19
fivethreecrjznine7,5,7,57
8qxjdsspgn,8,8,88
vdoneightsix7h9,1,9,19
5bsjl,5,5,55
gfllsrrrmzbfqdrlnvtdzr3,3,3,33
7hs2,7,2,72
1onelseventwo,1,2,12
fivetwo3,5,3,53
2gnxv9sevenseven,2,7,27
gmmhshzvsixzssixseven6fivehbdvsjdz,6,5,65
75onegckzsnpnine1xfslhfour6,7,6,76
sixgjhnfvsjnrsixeightnine49,6,9,69
nineseven929rlsdkcpbjrjdlptjbzp2,9,2,92
9hbpplffngltfourpgk,9,4,94
twoldknnqxkkvvdjldqthree373,2,3,23
cceight9two,8,2,82
zmeightwohkgs6,8,6,86
6sevenfdmqkss4fivethreesevenfourqfnsvvsj,6,4,64
4two9njeightnine,4,9,49
two3gzseveneightfour88eight,2,8,28
2clqj,2,2,22
1ndvbhbtql,1,1,11
five4sixseven5ghlgbmdgfnqpfdm,5,5,55
34dt,3,4,34
9sevenrl5,9,5,95
dpbpqppsixngvmkflllcrtn8,6,8,68
sixgvsctkrp53sbsx,6,3,63
nine9qdrqfourjc,9,4,94
zvppfjpqch24,2,4,24
sg4txzzfoursevenninethreesqcdznksix,4,6,46
one3six2,1,2,12
5bgdjzxbrlsl3sixlbxtjdpgfkjmq2,5,2,52
drsldhgjtrvmmz3jgrp6,3,6,36
qkeightwosix95nine445cfnine,8,9,89
fivetwo82scjct7onegblrqrggv9,5,9,59
threepfgljkghzc9,3,9,39
8qvzljppstpnpeight9,8,9,89
8nine98tkxcfqtg,8,8,88
sevensix4two,7,2,72
2eightthree,2,3,23
cvhhmcgknj6threefive87,6,7,67
seveneight7dsvqnjsjsqlkeightwovzt,7,2,72
71oneseven9fiveeightnh,7,8,78
pdjtzxbgjxb3vzfdnjbthree,3,3,33
xqpfourmpddnfcc4one5,4,5,45
jnrms1fkssgpvvlrmf,1,1,11
jbnkeightone6zldns85sixnine,8,9,89
1fourbqfgxscdxmkvdpsrm,1,4,14
eightsixone8mjbrqkplkqntjdlfourpjdcs,8,4,84
lxdsp6prmfglvdfz9eight7sevensixone,6,1,61
qdksixvmsevent7xlvmtzdkhb,6,7,67
8spqjvhplpzldpthree2,8,2,82
zqfvpq7pz22,7,2,72
nnfbpfour1,4,1,41
one9ninetwovrclctwo,1,2,12
344six98seven,3,7,37
kqkj9qqvfxn,9,9,99
seven1fivethree,7,3,73
shlnhgq2c3oneseveneightwodv,2,2,22
eightthreepkcxlk7threeonethreetwo,8,2,82
pgmbhrzzqmvkjl57fourqk8gxjmbfqcjs9,5,9,59
eight5oneights,8,8,88
ninenineeightvkrsrkgh8,9,8,98
svnfdxxftkgzpjqxzkmbbcfourvfsg3two6twonezqn,4,1,41
mnvqcmkqvjlqvtltgdpktr3dkgkbt,3,3,33
sixmg29pplfzrsqhlvfeight,6,8,68
glzsbmzqjj43,4,3,43
1zqrnpqrcbzdsnfour67zpsxpkbbkmfgrzm,1,7,17
kxbbcjjksix7sixeightnine,6,9,69
zbnhsdxgt5sixsixeightlsdqrgseven,5,7,57
ninezxrllznbcvmldxfbvjx5fivedtpdhsjgk8,9,8,98
reightwo7,8,7,87
fiveninenftgfourjbdkxtxcb38two,5,2,52
sixlpck4sixzcppvhzkchmnpvqjjgffourj,6,4,64
34pmfdthreetwo,3,2,32
7zbnnkqone5three,7,3,73
qxkmhcllcqkk5qrqseven47,5,7,57
one62brghc8s,1,8,18
twotwo1xvgcxbthree,2,3,23
three83dfqgjlc8eight,3,8,38
twofive8l1twocqmcccgdm,2,2,22
two6cnine,2,9,29
h2sfnczjmslpmlvdlzrs,2,2,22
9nbblsvxbhdxqfour8,9,8,98
kfzcsg6sixonevrbchsjtfivenbz,6,5,65
mgtlqcdtwo7qxmszcqpjdplccxzccsixone5nine,2,9,29
mtfpphckdn1eightpdtkssqlxdhtlmcjxb,1,8,18
jbphmjjjrg2159eight,2,8,28
zqskrzb1pgfouronevxscgtlccl,1,1,11
lxvpgrck8fxhxm,8,8,88
fournrnlfive1xt,4,1,41
3nsjnb,3,3,33
eight1three513nine,8,9,89
39eightsevenfourbgd1mbljzone,3,1,31
6two88five2pjpp,6,2,62
fourjlftf7six1xsktfhcdff,4,1,41
3kcntzlmnnhhmtmlftggqljkrvninetwo,3,2,32
threesixonexlvxrblq24,3,4,34
xpgzzrcckdlnrczxndplbpcb452,4,2,42
ninembdnhhnhhzmvmtdjtkzmb9ncq9one,9,1,91
4fivebrqrxftwo,4,2,42
84tqzbcvgdrgpzpxjrone83zgzpsix,8,6,86
99five,9,5,95
mgsevenqgkckfhbfnine3,7,3,73
2seventhree,2,3,23
8fivethreefive2fivethreefive,8,5,85
scrtqsevenjmxlvjrrbdtqgrdghfivethree7seven,7,7,77
sevensix946onesevenfour,7,4,74
dzn14,1,4,14
nineqbxvponekvfffs96zjfhpthree,9,3,93
53twoqknxnxqbcone,5,1,51
fhonerone7fourpmxskkmmx7,1,7,17
eightlq4fourfourdbsdrvhhs17,8,7,87
nnpgtgcbvrggctbtkzht5xmkhtnnn7brpxjcxdrone,5,1,51
threecxnqkmrrpmzdljstdbfmk5seven,3,7,37
sdptbzqhn7sixnine8,7,8,78
five7jdzdzfqfivesevengtznjmqrblkkzkgvt,5,7,57
fclvllfthx47sixbhq16,4,6,46
9mbmsxbn,9,9,99
three82fiveseven4,3,4,34
p1kzmzpbhmcthree,1,3,13
eightj3681nmgt8,8,8,88
2two7,2,7,27
jdbjlvxhhzzsnmcqldrldeight6nine4,8,4,84
2threefive,2,5,25
foursevenrmfhjvzdv8bpbrvblll1onetwofive,4,5,45
65cfgkcrhbjk,6,5,65
6onecjxzxb72gmrblthx,6,2,62
4jlrvckc9,4,9,49
doneightghmjzzrfourfdzxflm51nineseven7xkxt,1,7,17
r5eightone,5,1,51
nkgknm1,1,1,11
rxbsnnzbrs4two4,4,4,44
1pqvmfh,1,1,11
r2vpdpkzqcs85,2,5,25
gtfzjnnhsknvjnmnine98,9,8,98
zrdgv4hnbpb,4,4,44
7one165vddbrzpmfhskvzxdh3,7,3,73
44szfpgjmvgt4eight,4,8,48
dbgttrbj6five85nsqmzscksvdxks,6,5,65
ffkrhbvq2,2,2,22
6fourbpjrdvlk,6,4,64
38eightsix,3,6,36
two4fivedzpgfbtm,2,5,25
3jbk46,3,6,36
slpkmrstrrvthreepl9bhctdfnfzc,3,9,39
nine4two5kkfmcjgxbqkttg,9,5,95
1zppnmcr5sjfsbbxh48one,1,1,11
8one8fourseven5,8,5,85
6three7nineeight6,6,6,66
96three,9,3,93
91twonelt,9,1,91
5sevenone2sixthreeknhzm,5,3,53
2fvhgcbvg7sevenzqdtftct7tvvtkpxbrq8,2,8,28
9nvr,9,9,99
eightfivetwodjg9,8,9,89
7four2six,7,6,76
5fkzgffzpgp3,5,3,53
75sevenfive,7,5,75
mxtwonexsdrpkqzgm1threejqftvl,2,3,23
onekxffhsqb4dkb9fivefvtcjsd,1,5,15
eightone1eighteight4,8,4,84
glfeight7eight4,8,4,84
eightcdfjjfiveeight4fivetwo,8,2,82
npxnp32kfsfjpggdtpkm5,3,5,35
seven7threevcb,7,3,73
xtcvsmdx2four2twonefl,2,1,21
mzkgnzstwo844dcseight,2,8,28
zgoneight65z1seven3,1,3,13
1two5lc,1,5,15
threevsrg5vdmfvpss27qzrmvmbz,3,7,37
7qbcnjg1nine1seven3seven,7,7,77
5fourxdxrhmxsj,5,4,54
v78,7,8,78
41nine,4,9,49
56fmktkxvltp4bztxkqfrdthreefive4,5,4,54
fourdnq1,4,1,41
ctlk31srscmmdn66sevendmjjqvgj,3,7,37
b7nine8ninejqqhhdnnpx5,7,5,75
ninedlxdshrzfmrnnq17,9,7,97
jbneightwofiversjctwogvvtprslpgfour9xcone,8,1,81
dpt5hbgbnmdlthree5sixvsvqtnmndpvv,5,6,56
sevenrztpgr8nine2,7,2,72
four9three1keightbmljrjgxkrbjdhbckbst,4,8,48
sfmztfjh49one,4,1,41
seven3three7eightwovs,7,2,72
48onetwosix4four4ntvrzvdztr,4,4,44
mphtwone5sevenfour7,2,7,27
4lgqnbdlone,4,1,41
hpnmtjbcdhfhsnxqhjhhfgteighteight8one5,8,5,85
cgtdtt22,2,2,22
plnbntcb8seven1gkgzngxq,8,1,81
7bonethreefour,7,4,74
ffoureight88,4,8,48
z2four3dfggfntxjbjhdr9three,2,3,23
5sixgpcm9two,5,2,52
sixpnlcgbcpdsixtwofour4foursix3,6,3,63
dstgjlh812,8,2,82
3xfhdfrgqjfourkfjone7four8,3,8,38
nine4three6sevenfourthreeeight,9,8,98
njvdqthkv5seven6fourtbklhrqqsixeight6,5,6,56
58rcfcjdkxcj3eightlndf,5,8,58
jhnt7zblnkdvhslrhpbkzdh,7,7,77
7threetrlkmmlzsmtwo4dmjf94nine,7,9,79
pssrhmtcv7twotwodjxvlbmnfive58,7,8,78
eightseven271onefxxrfglh,8,1,81
9bmtwo,9,2,92
three522,3,2,32
eightseventworckvnine2,8,2,82
6fourtzmlrkrztvtxfcdf5,6,5,65
3six4rdchffcg7,3,7,37
6threedqssixnine,6,9,69
fivetwo6,5,6,56
sixnpkr5xbxmjcxjznpnrf8brxtmgl,6,8,68
gtvg3zzbeightkphjs69pjprvhlgl,3,9,39
7kclrcjbtkcr63two5,7,5,75
threehpn38fivedcmfkgqqeightwovg,3,2,32
hbjcsfshsjqqfive9sevenfourthree3fzjpfjzd,5,3,53
five7qzhnthree1,5,1,51
nxhg17j8ninejnqlnine,1,9,19
ddlnxmcg2,2,2,22
rxeightwopqtpqncvd481154fiveb,8,5,85
sevenvbkzgzmnine4qhpptngvhh,7,4,74
bkmz6nineeight69,6,9,69
tqvzkqfourrj4one,4,1,41
sh15nzxzhqdxd96dqht,1,6,16
6rhztqrfninefsqszx,6,9,69
38cngonefourrhlljvpgz5vzhmbdjj5,3,5,35
8fiveddchtllpt,8,5,85
13rgzljhsdjfive2six,1,6,16
sevenbdnbheightfive7qbzjvlsr3,7,3,73
fivejmfvtnhz1eightkcdpjsghgtwonine9,5,9,59
five3bllpvnqgtzdhvprgb,5,3,53
t1vcttwo,1,2,12
9953three92,9,2,92
9hrgxdpf,9,9,99
sevennine579seven,7,7,77
threekp1onefrfjbrmmpmsdsvfour,3,4,34
4threefive61rrhrtdjs5,4,5,45
xbmvcfqp4onesevenmkgvsnprtl65,4,5,45
379,3,9,39
4966dlprfxmhmqdfour6,4,6,46
9lllhz8nmqxkzsevenxmbqvgqnj8,9,8,98
btkxnzonesevenjmkdcc1ff32eight,1,8,18
7three65one745,7,5,75
seven66ninelkbmvndm3,7,3,73
4three3sixeight3,4,3,43
177dcxqqbqpkxgctwo,1,2,12
48cjpd47sevenzgtkrdlfq,4,7,47
5ppzvklbtnine212qlmt,5,2,52
89tpmnr,8,9,89
dh1gfgb6threeqcm3,1,3,13
five83,5,3,53
fzlkpx6seven2twotjlqpgldlfour49,6,9,69
fiveninefivenxpzkrslxm44,5,4,54
pxxbnsfoursixeight5mjkeight,4,8,48
ninefivesevenz6,9,6,96
djddxtdeight2vqsvdgttxonefourfhdfxszvfd8pjcvzbgp,8,8,88
253seven71nine,2,9,29
eight6cb71,8,1,81
gfzptdj1nine5twosvtmpphj9mkhd,1,9,19
hfjcpvzeight7ggqrmkmzrhbthreeeight,8,8,88
chjonetwo2lqxfrbvq,1,2,12
fkfmntldvleight4threethreeeightfour,8,4,84
6j81threeseventwo3seven,6,7,67
seightwosvsnp4,8,4,84
8bqjk75254,8,4,84
6seventsmnfjtn4rthrp,6,4,64
9kksdvfzzpsszffouronenrqrcnine,9,9,99
5dkpp8fournine4one,5,1,51
4mpbzrfvj8two9sevenonenine,4,9,49
jzkdrrjsnpxzxbjhb5,5,5,55
three87oneonexppvhz3seven,3,7,37
two39kvrmz,2,9,29
vdfive8dntsz,5,8,58
mthreehzdghb3eightsevenfttmjtx,3,7,37
2dlnjsxlg,2,2,22
7threecrrdqksqsevensixnine,7,9,79
mdxhrrrfiveone6,5,6,56
8nine52,8,2,82
725two,7,2,72
jzpxt2vcninenjgfzddk,2,9,29
three29,3,9,39
zjrffvdgnpeight1sevenglpfkdb,8,7,87
two3qnhqvxeight,2,8,28
slqdvfmeightmlhjdcvbrmsjvrk6,8,6,86
two13kfxd28rzqhcdkjtbbstnhbfive,2,5,25
qhdqqnjbdk8eighttwoqpthree,8,3,83
one1brxnptch263eight18,1,8,18
threexntmdtwokdmhf3pdkgpthree,3,3,33
2three9jrcrmjvbrm,2,9,29
1mmlsfsdkzkvjtwo3b,1,3,13
sfkkkncf3three4seventwoqzhmcdfbhxfl,3,2,32
vfnqlnrzcrzm8fourvpzxqdqsfb,8,4,84
rjkhxqdmkrfive1,5,1,51
2four2nine9znp6seven,2,7,27
7doneone,7,1,71
9threetworqlk,9,2,92
eighttpclmtv4twofour5mtxxnpthreeoneightfp,8,8,88
onecfjgrbsjncmpqhqvhxtfpc21nineppone,1,1,11
eightlvjxmxhfive9fb,8,9,89
ninenrjlmcthree3four,9,4,94
eightlxrnvljrhksxzfxzbrt644,8,4,84
blmjnfgsrcms31,3,1,31
zsix16xtjvrtn,6,6,66
lkjfpxjh1sg57xbxlsxcrsix1,1,1,11
mkmdcsbgvd19ninecsevenone9,1,9,19
three1p,3,1,31
4prbjfour1ninesix,4,6,46
pkf7sixsb,7,6,76
fiveclczl8sltncdxsix,5,6,56
4ninefourseven5three,4,3,43
3lpchjfgbhzjbqggsfoursixseven,3,7,37
twonmcfztwoqp1one5,2,5,25
87sevendbqdsevenrlzkrhoneeightone,8,1,81
4three4,4,4,44
2tthbbcpcr36tqvfjkfs,2,6,26
rtzqgsixnine4bzqhjrq8five,6,5,65
eight3fivel4kd,8,4,84
1fourfourdpvvghvlzxtwothree,1,3,13
2gzgzmrpbztm1cgzvvrtqt,2,1,21
qdrfrkncnt1eight,1,8,18
smpz4mjrbthree1ninefour,4,4,44
6seventhree7,6,7,67
5278nlnfjrqlone8,5,8,58
nine6eight,9,8,98
twoqrtdsreight2dxhknhpdzz2pdbsnlpljlxkv9eightwop,2,2,22
vl6eight9eightsix1lmth,6,1,61
qxsevenkckxvmjkb1,7,1,71
hvhlm2twotwoone,2,1,21
grtlftfthtthree331dzzzoneseven,3,7,37
ftpkgvrsc85cplddgnn,8,5,85
lhcbzhgfjlgmcsn66,6,6,66
twofourqjrltlvcmmzv8nine3ps,2,3,23
knvz5four,5,4,54
threefivefoureight7four,3,4,34
one9fournine5,1,5,15
cr8twofive7two4tlbpgbngsp,8,4,84
seven6gzn8trjmzrvjthtpzld5dcqnjmtl4,7,4,74
1five1fourfour8hqjzshnszhzgcchs2,1,2,12
tld78blgffjksevenninekmjnrzlvxr,7,9,79
15six,1,6,16
fqlmqhjslgnllgs6three,6,3,63
jvhmkfjzd5,5,5,55
kfkxjmbrgjzmjtwo2qnh45pxrkrcpmjd,2,5,25
dh119mvxlfdft6sevenqdxb,1,7,17
five5jl,5,5,55
jhqp2qzkfvjdfts,2,2,22
teightwo6,8,6,86
kscczzhftqxmbrjtm46five5hncmntrgqz,4,5,45
65341,6,1,61
cxjpgfourfour98spklghbv73,4,3,43
5sevengnxldmlvnrzsthree,5,3,53
bsn6three,6,3,63
fivesixz36,5,6,56
snpmdmx65five4,6,4,64
vrjbjsixfour37onesscclpgxr,6,1,61
four58,4,8,48
nlrflkxjzbpckmprkp435,4,5,45
pp78,7,8,78
rhz3dblsmbl8mvmthree3svhbzb,3,3,33
qtztdn4,4,4,44
rqrdr5ninefivexj,5,5,55
fiveone4ninesplghqrbcnmmzll4mvklfmxv,5,4,54
tj3ninekvczg3cczmhkdf,3,3,33
fivelnrjmn3jvlmhplj4fourkvdceight,5,8,58
five6jrbkxrvmtqfvbq7pmjmdkmkv,5,7,57
6gcllrgktc,6,6,66
21zffhnksmjj1rcdpkcrznine,2,9,29
threegpnpftrstmfive4ninefive,3,5,35
1cnsixpnvrxq,1,6,16
33qghllh,3,3,33
gfour1rmznkmplqfsevennksglsfdqtwotwonet,4,1,41
kjqcslq3nineoneightkq,3,8,38
three8oneninepjpqnzccthree,3,3,33
3jpfhtrfrffournmrxrpdjm,3,4,34
2svsmkptdcmpkhbpmnineczjsjvlfpkckxscfour,2,4,24
dqxpjsnineonenvhptwocprtsbvcl6,9,6,96
ninethreesixninesixxjjjkvtbgd5hrstthree,9,3,93
fivefznprpxccnk8four3twobllsjnfjnx,5,2,52
ghh2skv6,2,6,26
eightninethree4jbcgrqeightfive,8,5,85
4ltjfxjbthreesixbrtzlbfdx7eight,4,8,48
one9mvbrcc,1,9,19
three5khjdjlpl4hrzqblshkxdgseven8,3,8,38
czvxncr2,2,2,22
eightthreedhkkpr9hqqdtwo1,8,1,81
fouronetnhxgzstdx31six,4,6,46
fzcnineghrfbcbhhv263,9,3,93
eightfive525onexgrzfive,8,5,85
zclvsg9three6eightkeighttwo,9,2,92
two35bhmnlt,2,5,25
9s,9,9,99
xbshssrspj643four4vrjdnlf,6,4,64
nineseven4ztnchhpx92,9,2,92
gpfive25dvx,5,5,55
1five5,1,5,15
jtcstj1kqrsbhsdsk8,1,8,18
eight1sixsixbnsfouronecsv,8,1,81
tgplkg2hgeight,2,8,28
seveneightxsgcsfxd9dpkvltrsnlkccrskrbppmkxmpt,7,9,79
pddbvnrqzznqmmonesixjgpgm9rmlxvqqmdbcqhng,1,9,19
xqdbsktwothxzfsmqptrjbthreesixhqgrffqcnine2,2,2,22
vxvtfjsevenfivethreethreensflthreenine6,7,6,76
8one9sxrczdfg2,8,2,82
mdtdgjthreethreefjzqs16,3,6,36
dnvpjteight6tcn,8,6,86
eightnine3cdzk,8,3,83
three6tzmqbzgmdeight9fiveztwo2,3,2,32
1pg6three6sevenmghhdx3,1,3,13
41threenine1,4,1,41
ncbrrm7six2nine,7,9,79
eightxrxdsnsvzddhrqvkfmseven3ntpqhsbttqmlp,8,3,83
one3fourmmrhpjmnjnqxkf4ftkxsvsix,1,6,16
54zdqrrmzd,5,4,54
rftdstx6hdrhmqjs9b35,6,5,65
fiveseven8five5,5,5,55
gzfkkqznk4,4,4,44
six32ckkbh,6,2,62
jpk171fivesevenhbjlddveightvcqh,1,8,18
71foursix7,7,7,77
2nine4onelkvplzhj7onen,2,1,21
4nrvsh3twoprvpgltsix1pzbdhvfour,4,4,44
skvnpjfmkhmf7547tszjzmq,7,7,77
two3ctthreesix3sjflprlrcg8bnhxs,2,8,28
six41nmgpztwo,6,2,62
dkkhmgmjtwo4seven,2,7,27
8jqcmhrbmcninehbpxdjpvbk882ktjxp,8,2,82
hlbhcfivetwo77three,5,3,53
19ccmrmh1lgmngl8,1,8,18
5eightnhfsjzjseventhreefiveeighteight,5,8,58
3dkvxfive,3,5,35
39zn,3,9,39
cqsklnrdhtwoeight814rdncfthrjbc7,2,7,27
13pfspbxkfrr,1,3,13
five7sevenfourfour42tppvrfqrvz,5,2,52
nboneightfour9eight7threefournmvcrgmkx7hs,1,7,17
sixoneppbone5ctdhjzzrnine,6,9,69
5one1nineeight1two99,5,9,59
7rjvqdvgxxmb,7,7,77
sixbkdpftd6,6,6,66
699,6,9,69
rflvscthxb9one9jtfqd,9,9,99
sixtwo2hsclsg,6,2,62
8nzgpt7eightfour6zhjxqjmrq53,8,3,83
pddnfour1one749five,4,5,45
gbbprvrq23seven77zssgktwo,2,2,22
ppc2flmdjrp7twoonerjhtlv,2,1,21
vlltgb8seveneight5clqsthree6,8,6,86
onetwobtgdkkxv1five6lcfvkhm9three,1,3,13
two8threesixsix,2,6,26
5threeeight,5,8,58
onespeight9twonexpr,1,1,11
pzfourseven8five9five,4,5,45
9mbdbphhrfeight,9,8,98
fournt14,4,4,44
jlcb2,2,2,22
three3eightnfj2,3,2,32
6four2fgsndlslkr,6,2,62
8sevensxcjl6fivefivesssevenqghn,8,7,87
3xgzj66svlvqgcvzzlb5vvjvmvb,3,5,35
hfhmngkv64,6,4,64
263six,2,6,26
oneone15qtgtksjdgz27hjl9,1,9,19
1six8mrrkx6,1,6,16
vdhslzfgsevenfivemseven4fourq,7,4,74
vdjlnrvqjb5thsevenfiveonexskqrfourhtcl,5,4,54
1ninefoursix6seven,1,7,17
twobvpnjmspxmgxkv4twotjjkbxfgs4,2,4,24
fivefour8kfjrpdddhr,5,8,58
dvbljqpznfjjp6sevengvbdxm1bnzhqmcdgpzrd1,6,1,61
34cmclpfrgrjpxpjpdv,3,4,34
9xcdkhtsdmtvlrtlcbsixtrjqxg,9,6,96
rdhqfcseventhree9tqggvslm,7,9,79
gddfoursevenrqvqdkqbr6ninecfd,4,9,49
19cjpltfxspkpxkctdhjkncnbtwoone,1,1,11
mseven7six4five19hjd,7,9,79
jcqlxpmmj7rsrrngnq2seven,7,7,77
fssvonepgqmrgbv1,1,1,11
fourfivefoursixthreegjgxhbzrgx1,4,1,41
fzdfbxsths5szkgkgzdmnvtnine9nqb,5,9,59
rszfmx6eightnine6eightj,6,8,68
three199twol7six3,3,3,33
threedmxbsevenjmdvrzlfive26,3,6,36
ninehkbdkc594one,9,1,91
6fsix,6,6,66
fiveseven51fjlx6,5,6,56
bj3fivesix1,3,1,31
9vxcstvpf,9,9,99
threeseven6,3,6,36
ninefive4twoonetwo,9,2,92
8seven6,8,6,86
twopxsts95,2,5,25
pzhxsxnnkthree6,3,6,36
6ninem591,6,1,61
7drfqdsjsnfdbqp,7,7,77
p2plgbninethreesixthree,2,3,23
5seventnhvjfrlkggfjbmlzxhnnnsh,5,7,57
seven691rjmnfzddfive,7,5,75
466mmgnh,4,6,46
dsctthree7,3,7,37
eightqlfourzndmzltp34xjbdmpjs1,8,1,81
stmprbctwo1ninesxbzqkkdqgdqhone,2,1,21
sevensixeight91sixjscqxlzj4,7,4,74
vrctfpbp2bdknhtwothree68ckzlgkghponeightg,2,8,28
one82lzh1m9,1,9,19
5dgkljnlvnthbdfeight7x9kloneightrp,5,8,58
9pdsgfourzcfour51one,9,1,91
3twonltnmdqttqmj6fivefivesix,3,6,36
1four8szcp,1,8,18
dqbrkz8xp,8,8,88
3twoftqxxgdg,3,2,32
sflsixzjq1,6,1,61
6nine4plhvcthree,6,3,63
znzdrj4526fjtszspfour9pk,4,9,49
785bttrfnrtzvninehqzthfr,7,9,79
6slx7six8qhppjmbcrj,6,8,68
dc1fdzzsvnb,1,1,11
1xfourtwo,1,2,12
1mvt283,1,3,13
fivecflqkthreek2,5,2,52
7gtdlvbcxvrxvx1264eight,7,8,78
b1pbpcsix,1,6,16
fivefourzqrmbpgnqzgpzhfour9,5,9,59
seventhree5cnvjmthree,7,3,73
ksblnqbkgnfone8,1,8,18
8fourvkhkhlsjq,8,4,84
twoqjvb9zjvpfz2onesixk,2,6,26
tdjmrcvsevensix1seveneight,7,8,78
5mqxkkcttfivezdbcdmlfivebchqlcktpseven,5,7,57
7bzsnljccxqbtq3dsfsbrlpgqjzxeight,7,8,78
one4mjgfhzsjdc3crgthhjrznd,1,3,13
sixthreektx8xjbdjlq,6,8,68
bgvldztfivetwo3tldvpzkmonepdvppd8,5,8,58
xhzm91,9,1,91
oneskfoureight23,1,3,13
ppsj64,6,4,64
fgrf45four5,4,5,45
four2two,4,2,42
798jcgzf,7,8,78
93mxc,9,3,93
hn5q9rm2vtksix9,5,9,59
cvdldzschflc9eight,9,8,98
mqdtndzvv9eightkzxlgvcggrkltzlphcfq,9,8,98
beightwoone6rqjcqq7sixfourrkghseven,8,7,87
two9nine9foursevenfourone,2,1,21
793sixzngtcbrbtjmbjbqxzpqjkn,7,6,76
1five4,1,4,14
x4,4,4,44
qmlvsptmqhfvbfiveonemnmzshczjgsvgsgpps2seven,5,7,57
28eightmt9,2,9,29
1four8hbpnktmn,1,8,18
6nine5threeplcsdrn96four3,6,3,63
two3vdvh6,2,6,26
three7fiverkjmllclbprmqgb4,3,4,34
strvnllfmqm2threesixbbrjxbjvvxvjhr91,2,1,21
4dbqqbdcddldhgxjrnfivehz9,4,9,49
v81nnvzv,8,1,81
3ssptnqhmrzbseveneightwoxdx,3,2,32
ninetthree72,9,2,92
556five2three,5,3,53
99175onepzqpj,9,1,91
8tmbfpbsninenineglvbh7gnrd,8,7,87
three8zmtvxqmksfpvkfourp9twooneightzgs,3,8,38
khmcnch1tb2,1,2,12
5jtcggvdfzmsppshsqlhz,5,5,55
249sixtwofoureight,2,8,28
6sixfourxpnt,6,4,64
6threen,6,3,63
16qmgfjjmqnktnxgz,1,6,16
kjvbk1zzqhdkgxxghxsix77,1,7,17
sndnsm1741gtszjkmvxsevennine,1,9,19
kzlrrrjbtrrgf5jsbgxn,5,5,55
4bnfdfbgthc,4,4,44
ztghxzrdprvlfx4,4,4,44
54tzqlfjfnthree7twonine,5,9,59
knqkbts5ffqhdsfpmdeightnfhpjcmfmrl,5,8,58
jzphxleightjhxvhdrseven5mktwo,8,2,82
1fivegxdknn,1,5,15
3onetpqdddbhb2seven2,3,2,32
7seventhreebzcqpkdck5dc,7,5,75
seven71,7,1,71
eighttwo1,8,1,81
dfflcrcqfiveone2seven6,5,6,56
qpf8,8,8,88
1seven1bjsmxzr54four5,1,5,15
mmztpseven836four,7,4,74
three8htqhzkrxhrfourthreebdrmjsvpfb1,3,1,31
zjhljpmmdms998ffjqgxgbkdbvxxppdltbrpzcbf,9,8,98
rj76,7,6,76
vlxnnqxr4eight,4,8,48
2twoonefourtwosevenpdpfkgdhhzlbfq,2,7,27
cn5five4,5,4,54
hhqzsxlm45twonine,4,9,49
ncszsls1z2,1,2,12
ktxkkbhcxcbnffzbsix8bf4r,6,4,64
xrk1bvvrxvkreighttwoeight,1,8,18
4eightqbmtpsl2six,4,6,46
13jzchfndpjpone,1,1,11
fivefvm1sevenhjxrnkg2bfmdnbj8,5,8,58
9gcfmkhqrczseven7jkshrh,9,7,97
twornrbjlvsdr1threem,2,3,23
njzxgftwo4two,2,2,22
threertvjcmtlr7nxhghbnvkq,3,7,37
6seven8drfivecvv3cr,6,3,63
fivefiveddnhmz25nine7,5,7,57
2eight4nine47,2,7,27
nthreetwotwo67,3,7,37
4mbsqbpvf7threedp4fourvvdgkvzfkz,4,4,44
sixthree1twozxldcqnvdcksfiveseven,6,7,67
nh2,2,2,22
4rczvpnvsptwo,4,2,42
foursevenone4,4,4,44
5sixkvsjjqzs32kbghctffhssmg98,5,8,58
zbclnpj3ncgjrpz6tcgdvjpdmkk1,3,1,31
4mmsbtfivetwodgvbhrzrlh,4,2,42
sfour2fivefour,4,4,44
jx9,9,9,99
xltwone6,2,6,26
1szbglvbcblqtdqrbdqqhbfzrrq4sixfivezfb,1,5,15
two8klhvgbm97eightfour6,2,6,26
szslrmeightsz61eighthnhxv1,8,1,81
seven42sznlgdsdgfj,7,2,72
three2eight26nine,3,9,39
4sevenfmxrhgkll3fivefjsxninefour,4,4,44
onenlzksgpz2ggnvsmlxxsvqsix6twodbdzvkbhhl,1,2,12
mxs62zfsmkgmxzl6nbsix,6,6,66
9sevenlbbt9twonet,9,1,91
32tworbbmnbgqjd,3,2,32
jrx7mpbcvqfhfr7sixsixkqmcj,7,6,76
vcdcthreefour5bbqbhxqjkqqzkdk,3,5,35
onesevenfourhxfvfoursrq4n1,1,1,11
six1hglqzjxfxxd4,6,4,64
4lkjljr2,4,2,42
3brlmgbpdnpslgcsevenxrrftvzlxc5nine,3,9,39
czhmhhnrxrbzgtmvn1mbjpnrlsevenbfbztqfp,1,7,17
xnctftbbm3seveneight9kpkfour,3,4,34
xsixsixh5three,6,3,63
2lzslqtllcpfdq3,2,3,23
six2xstqpjctsxgtwo941,6,1,61
sixthree6,6,6,66
636bmxvvfztzvbrxbfh1four,6,4,64
h4pcllfnine,4,9,49
pknldv4jzlkngvqslchstsnfj7sixsevensevenb,4,7,47
78threegfclmstbxt,7,3,73
9three9mnkhrrlbgonethreef1six,9,6,96
2bzslfdpvoneeightthreeone3jpqjk2,2,2,22
1nfjttgvlsn6eight2hznlx,1,2,12
7three7sevenbdngj6threeseven,7,7,77
one8qdldvhjhrfsixgscfnpvbm2,1,2,12
mqlhrjksdtbrvrgvpc884ngrddthzjgtjxnjq,8,4,84
kpndxtponenine97,1,7,17
vcpsjrxlpfqprxz7threeeight2,7,2,72
ztgckbfr5twodpznplgl32rfqjhrvhgmkd,5,2,52
threehfvxnkfhdgmtwo16,3,6,36
6seven36qrndxhxljgkskgtjdtscczz1,6,1,61
ndcqhqnvtppkfbgljkrd3xfdvqhxkx94,3,4,34
sixgonebbblkbbqvccnvm2jxpvlnrbmjnsrnqgbb,6,2,62
sevenmeight2rlvbkxmxfour3nine8,7,8,78
72bcdrcbzffkc3oneightnc,7,8,78
onesevenfour57,1,7,17
sixnmplqnfx1eightfour,6,4,64
nine5bh4eightseven,9,7,97
7gcqthhztknjslxfbcj19,7,9,79
five2fivethreedbrkgchn8,5,8,58
221565,2,5,25
26three83vmtlj,2,3,23
nine5threeninezgjcpssevenone,9,1,91
xshxdblgf8threehxkntrdn6lghpzt9,8,9,89
fdfqxmn3eight6zssbgnddcv,3,6,36
eight1hrrqmzjjq,8,1,81
ckhpqtwodqz9r,2,9,29
zbtjjffourninesix7bqz,4,7,47
jeightvfdqttxmsix3pnh5lgf,8,5,85
6onerqbdslg,6,1,61
fivep26two,5,2,52
onetwogscnvv1,1,1,11
eight1487,8,7,87
threekksixnine6,3,6,36
69sixoneqhhrqsg,6,1,61
8sevenmtcm,8,7,87
three1jlbfpfdxpqpzspgcllfv,3,1,31
27one,2,1,21
mlmfourseven3,4,3,43
sixninercgrkdpd9,6,9,69
three7kmvsztmxjsixthree3bvhmhthreesdrbq,3,3,33
mk7,7,7,77
jstwone8fourkrlmtfk7qjvrghcbfive5,2,5,25
eightchvxseven9nine252,8,2,82
five68qoneeight,5,8,58
seveneightfive2threetckdpkqrnqpthreevlqlq,7,3,73
jlcpvfxpq867xfcjcddvjkjdfnqtnjp1,8,1,81
prxzmdmbxbfljckhd7pbc5three,7,3,73
92fninenhnxjlzninenqmhmmlsfqf,9,9,99
ftmljhqxjdhddkbtxlbz9five,9,5,95
oneone4cfsnxltqfbnzzljseven,1,7,17
gbktqjbrtgsevenninexf6seventwonine,7,9,79
nine3fournine,9,9,99
1fourtwo17seven,1,7,17
twosixmpnpdzmjxlmjsjdnkmnhmdtdg7xrbknkplsix6,2,6,26
fqzqxzkgzrlkmqfour53seven2,4,2,42
8three27eight4onekgrlc,8,1,81
nzrlgrvfive3vdtqcqrm6,5,6,56
4qfgvppninetwoone4,4,4,44
threelpmgkfxoneseven8threebmjtdl4,3,4,34
slkrnqlpfxcrgxmnd9one7,9,7,97
fouronekbfmdrjxvn8kz1twosevenrth,4,7,47
8xbvkfqmzjg,8,8,88
six4xcx97lzninefivenine,6,9,69
threesixhfvnjrvpf1sixseveneightfive,3,5,35
8ninethreethreepdlddhdfp,8,3,83
two47threefour,2,4,24
61czbc4cvklssbpt,6,4,64
8712st2,8,2,82
lgflr1three,1,3,13
ninenine9,9,9,99
ptx86five,8,5,85
291,2,1,21
seven82three9,7,9,79
mxfhmtcjpxqqsl68hpcfvjj,6,8,68
1qmvjl6four,1,4,14
3six84,3,4,34
fivefivefourfiveeight7eightwods,5,2,52
2seven5five2d,2,2,22
6five3hqbjsrzhtkv7,6,7,67
4pgcsxslr6h623,4,3,43
three8one,3,1,31
8xnsgbjhz9,8,9,89
3gtqbhdzjninetwo6thrfssxqptjbtmkkmlddhdm,3,6,36
6mldxcjnxv9,6,9,69
mc8one88,8,8,88
h4,4,4,44
fivefour2s,5,2,52
9q,9,9,99
fiveseven8two8lkrtvdqchbvnmzmlhgqbcx,5,8,58
cpcgpg9cnbsixsix,9,6,96
vglgjf9qzcspsnsbrktbnpnppzmgldtwo,9,2,92
three2kllpcvmmgcseven,3,7,37
twofivekvcnfpkplnv2threefivehvxpthree,2,3,23
36h6hzfhhbtqgqfgthreesix,3,6,36
86kkqqseven9,8,9,89
7jgncdninejvmqdmone5sqjp,7,5,75
seventhree4eight9three,7,3,73
38knvgxrftdtwo1,3,1,31
ksgjdlpxhztnlfc6hxncbgbmgzldvlvmgrjkmtwosix,6,6,66
dtoneightone427,1,7,17
3518msltkgqthvjhs,3,8,38
75qmqvkmf5six,7,6,76
85pvvthreeseven,8,7,87
ckqoneight4xqqnkdnzpggmxrmhkhx171nineqgd,1,9,19
76nine,7,9,79
6threentcfsvvfseven1eight,6,8,68
23fivetlqdfhxgg312nine,2,9,29
1pjninexlqnthreeoneoneoneightx,1,8,18
6one1,6,1,61
lfjmdhpj9fiveonelvfivenine,9,9,99
4xjmxfxxfsbxgk9sixhq,4,6,46
8six8vszdsslqntzjqxx8two,8,2,82
4one88995five,4,5,45
nskmvtzd1five,1,5,15
4tpzxkbfq1vlxpvzbxnhqtshzhfourtwo,4,2,42
7six341gsl77eight,7,8,78
94dvc,9,4,94
qzkmxqqh6sixvn,6,6,66
sevenoneone26m8,7,8,78
ninedtfvl3four15eightjtpfhlzzct9,9,9,99
5ninesixtvvpblfqgb,5,6,56
5twoseven4onedcsqj6,5,6,56
gcbtzns6eight52ccvvpsbdgfgg,6,2,62
tczvbfxfvcbfxzvvxp9three,9,3,93
fourkczgcb9knnpkd3,4,3,43
9ninefive8nine5,9,5,95
tnkpsxjm7four45bpdg,7,5,75
twofour1glkvvkq,2,1,21
fiveeightfive8vbqtsmhjqr5vgbmsxrkh7four,5,4,54
lhncnxngfour9five,4,5,45
5six36five4,5,4,54
74ckc,7,4,74
lkeightwol11,8,1,81
five3mnlbmsg2,5,2,52
hmvmgnqlhdgonedxmjxxbpbpt1four6zh,1,6,16
svmmzbbj5,5,5,55
3l4,3,4,34
1dgfnone17,1,7,17
667,6,7,67
1qlcg4seven,1,7,17
756ghcxrmrgtninefivegvmtjhfrj,7,5,75
6twonehjv,6,1,61
vpgeight7twonlcfcdspmvpcfj6five2,8,2,82
76jhj4sixeight,7,8,78
vcfrscgccnine6j,9,6,96
mhm8kfjl33ninefivethree,8,3,83
85bfqjpdmbg92rjbthcrfgvcjzqhpgb,8,2,82
nine554ltcgj5,9,5,95
eightfivevjszdqkf96ninemgldmdth1nine,8,9,89
sixq4pcczfqc,6,4,64
three7two,3,2,32
eight9csevenfour,8,4,84
fpnnxvcttscfrgponefive8twohgfkhbssix,1,6,16
smkjtzm72vmtleightjmkxkgpfzmjpmbbd,7,8,78
7two1lxvqqzzrvj31fourprzmsdzbf,7,4,74
kffeightwogzcqpzdbhfvmckxmbhrgvonevcshkbctbc524,8,4,84
fcsoneightnmtgzbbnflnnlk5two,1,2,12
6gkxbhgzbmltwosrmone1five,6,5,65
sjrfkfjszsix49,6,9,69
47seven82fourfhhfmlshdsix,4,6,46
sixhjqszlc6kzzbqsldk,6,6,66
nineptfourrvrghq7,9,7,97
4four5one148jcbvnbj6,4,6,46
ninezfcrvxfnjd6nine,9,9,99
bfjfbpfseven7,7,7,77
bdzmktwo4fourkrjj3,2,3,23
nhnfv725,7,5,75
sixeightsixkkndrj7,6,7,67
eightone2m246,8,6,86
fourhsbdblm74fourcphtwo,4,2,42
khrjxxrltbpngsmzndgsjmzvgqxfhvkct6eightzrvpmpcc3,6,3,63
mlsc4qnlhqjfour,4,4,44
956onefive,9,5,95
1xtmbmkscvv2onefivelvlztjtctz5eightnine,1,9,19
32tmphhjnlfsixskninekjdcftm,3,9,39
krgp1hdhgvgpgbvbxgfngvktwo,1,2,12
klpnpcplfhlztjgv17six,1,6,16
5dsxngmpdvjhnlbhxmp7xqqtgdoneightdvm,5,8,58
threeeight3t,3,3,33
5fourlpqzq2two1oneqlq,5,1,51
eightfivesixnineeightfour1,8,1,81
52ppqztdggqgtphdfz4fkrkfztzzqldpg,5,4,54
seven7zbone,7,1,71
xg79onef6eighteight,7,8,78
three6nvhnqeightgkttsvtwofive9,3,9,39
rjsevenonefllcrdnbmqcmxqsq38,7,8,78
twoseven2dppxgmlhr61onenine4,2,4,24
sevenb3btzhscqbrxxjkhtzpv,7,3,73
859two,8,2,82
threetllmjmhdjr18two,3,2,32
94tmvfpzmgvzsm1fmbhkhzffkzllx,9,1,91
nlkndffq2three,2,3,23
6ninemfour8rbxvj6,6,6,66
7clxtxrt1lqg5,7,5,75
onefivegjnfzkvg9,1,9,19
fplrvmqjdfxvjdfivesix6rpnkfour,5,4,54
5fivetwoxdgchbjjrckntlgblsxlcznfd,5,2,52
eight7fourfour,8,4,84
3kmtjlfbgssixmspkfzrgxtctksix4onetwones,3,1,31
8five15sixthreeljsfive,8,5,85
9lnn,9,9,99
nine7pzrxnnkthreesdjxphsrf4hc8,9,8,98
three6115nqhllcmpmzcfour,3,4,34
vpqjnvmltx8fivefive,8,5,85
vrlqlj5fivesixninebqhgcpgmgkmflvn,5,9,59
76eighteight7,7,7,77
8qkmnsjxbfhcpsvn4,8,4,84
oneninexqdseven4threefive,1,5,15
rpcvmnng162fivesixseven,1,7,17
31628eightthree,3,3,33
83d6fsfqdghztwo7bmvrlh,8,7,87
gknfcdqlrs25,2,5,25
9gkkth2ps,9,2,92
bxnvsjxqleight9ninenine,8,9,89
rsmcrqlnhsmjhspseven96vsckknrggbjd4tgtgbkxgvt,7,4,74
8seveneightcxrh,8,8,88
tkmfour8fivevl9one,4,1,41
8mgrxk,8,8,88
fourbgckqkeight6f,4,6,46
threetwo3eight652pp,3,2,32
ninefivetwojbhglxfxzfctwo8,9,8,98
jmjtcvpsxzdbkbqthree1qmgznpbzlthree4six1,3,1,31
foursix5,4,5,45
6nbdzdlmqpdlgpcclc,6,6,66
24,2,4,24
pseven3threeeightseven,7,7,77
7nine7gjdksbtqrrdsr,7,7,77
5ppflb48tkcffone8six,5,6,56
five2two7hstbbqzrninegbtwo2,5,2,52
eightfblzpmhs4,8,4,84
fbbdeightzzsdffh8jbjzxkclj,8,8,88
3nine6five1,3,1,31
